package_name,mobile_name,lower_bound,p_value,upper_bound
Camera,samsung s9 plus,142.68432657482856,0.011390474449717214,147.6793097888078
Chrome,samsung s9 plus,239.51581740026228,1.0,257.00943512499026
Youtube,samsung s9 plus,159.01788293599077,5.42033821837589e-07,169.08312716501933
