package_name,mobile_name,lower_bound,p_value,upper_bound
Camera,nokia 1,3281.399327652311,5.829565604591804e-32,4027.6511773981942
Chrome,nokia 1,2311.4220348363797,0.17714631296705424,2492.07291465857
Youtube,nokia 1,10789.088679153878,1.5736751601100125e-56,12046.258259621633
