package_name,mobile_name,lower_bound,p_value,upper_bound
Camera,nexus 6p,372.4188484013647,2.8934620260373846e-42,400.8942829117666
Chrome,nexus 6p,305.0693178588361,1.4664064999415367e-37,318.7488639593458
Youtube,nexus 6p,435.65901520746104,4.713928702678411e-17,507.25007570162984
