package_name,lower_bound,p_value,upper_bound
Camera,3281.399327652311,5.151872031384404e-32,4027.6511773981942
Chrome,2311.4220348363797,8.629059759116644e-69,2492.07291465857
Youtube,10789.088679153878,8.470994004950155e-57,12046.258259621633
