package_name,lower_bound,p_value,upper_bound
Camera,3281.399327652311,2.4638259931135474e-34,4027.6511773981942
Chrome,2311.4220348363797,2.71614017195685e-70,2492.07291465857
Youtube,10789.088679153878,1.0165710390561676e-57,12046.258259621633
